<?xml version="1.0" encoding="utf-8" ?> 
<application xmlns="http://ns.adobe.com/air/application/2.0">
	
	<id>NewProject</id> 
	<version>1.0</version> 
	<filename>NewProject</filename> 
	
	<name>New Project</name> 
	<description></description> 
	<copyright></copyright> 
	
	<initialWindow> 
		<title>New Project</title> 
		<content>NewProject.swf</content> 
		<systemChrome>standard</systemChrome> 
		<transparent>false</transparent> 
		<visible>true</visible> 
		<minimizable>true</minimizable> 
		<maximizable>true</maximizable> 
		<resizable>true</resizable> 
	</initialWindow> 
	
	<!-- 
	More options:
	http://livedocs.adobe.com/flex/3/html/File_formats_1.html#1043413
	-->
</application>